氏名（ひらがな）,氏名,所属,当選回数,当選区,比例ブロック
あいさわいちろう,逢沢一郎,自由民主党,当12,岡山1区,
あおやぎひとし,青柳仁士,日本維新の会,当1,大阪14区,
あおやぎよういちろう,青柳陽一郎,立憲民主党,当4,神奈川6区,['南関東ブロック']
あおやましゅうへい,青山周平,自由民主党,当4,愛知12区,['東海ブロック']
あおやまやまと,青山大人,立憲民主党,当2,茨城6区,['北関東ブロック']
あかぎまさゆき,赤木正幸,日本維新の会,当1,兵庫4区,['近畿ブロック']
あかざわりょうせい,赤沢亮正,自由民主党,当6,鳥取2区,
あかばかずよし,赤羽一嘉,公明党,当9,兵庫2区,
あかまじろう,赤間二郎,自由民主党,当5,神奈川14区,
あかみねせいけん,赤嶺政賢,日本共産党,当8,沖縄1区,
あきばけんや,秋葉賢也,自由民主党,当7,宮城2区,['東北ブロック']
あきもとまさとし,秋本真利,自由民主党,当4,千葉9区,['南関東ブロック']
あさかわよしはる,浅川義治,日本維新の会,当1,神奈川1区,['南関東ブロック']
あさのさとし,浅野哲,国民民主党,当2,茨城5区,
あずまくによし,東国幹,自由民主党,当1,北海道6区,
あずみじゅん,安住淳,立憲民主党,当9,宮城5区,
あぜもとしょうご,畦元将吾,自由民主党,当2,比例単独,['中国ブロック']
あそうたろう,麻生太郎,自由民主党,当14,福岡8区,
あだちやすし,足立康史,日本維新の会,当4,大阪9区,
あべしんぞう,安倍晋三,自由民主党,当10,山口4区,
あべつかさ,阿部司,日本維新の会,当1,東京12区,['東京ブロック']
あべとしこ,阿部俊子,自由民主党,当6,岡山3区,['中国ブロック']
あべともこ,阿部知子,立憲民主党,当8,神奈川12区,
あべひろき,阿部弘樹,日本維新の会,当1,福岡4区,['九州ブロック']
あまりあきら,甘利明,自由民主党,当13,神奈川13区,['南関東ブロック']
あらいゆたか,荒井優,立憲民主党,当1,北海道3区,['北海道ブロック']
あらかきくにお,新垣邦男,社会民主党,当1,沖縄2区,
いがらしきよし,五十嵐清,自由民主党,当1,栃木2区,['北関東ブロック']
いけしたたく,池下卓,日本維新の会,当1,大阪10区,
いけだよしたか,池田佳隆,自由民主党,当4,愛知3区,['東海ブロック']
いけはたこうたろう,池畑浩太朗,日本維新の会,当1,兵庫12区,['近畿ブロック']
いさしんいち,伊佐進一,公明党,当4,大阪6区,
いさかのぶひこ,井坂信彦,立憲民主党,当3,兵庫1区,
いしいけいいち,石井啓一,公明党,当10,比例単独,['北関東ブロック']
いしいたく,石井拓,自由民主党,当1,愛知13区,['東海ブロック']
いしかわあきまさ,石川昭政,自由民主党,当4,茨城5区,['北関東ブロック']
いしかわかおり,石川香織,立憲民主党,当2,北海道11区,
いしだまさとし,石田真敏,自由民主党,当8,和歌山2区,
いしばしげる,石破茂,自由民主党,当12,鳥取1区,
いしばしりんたろう,石橋林太郎,自由民主党,当1,比例単独,['中国ブロック']
いしはらひろたか,石原宏高,自由民主党,当5,東京3区,['東京ブロック']
いしはらまさたか,石原正敬,自由民主党,当1,三重3区,['東海ブロック']
いずみけんた,泉健太,立憲民主党,当8,京都3区,
いずみだひろひこ,泉田裕彦,自由民主党,当2,新潟5区,['北陸信越ブロック']
いちたにゆういちろう,一谷勇一郎,日本維新の会,当1,兵庫1区,['近畿ブロック']
いちむらこういちろう,市村浩一郎,日本維新の会,当4,兵庫6区,
いでようせい,井出庸生,自由民主党,当4,長野3区,
いとうしゅんすけ,伊藤俊輔,立憲民主党,当2,東京23区,['東京ブロック']
いとうしんたろう,伊藤信太郎,自由民主党,当7,宮城4区,
いとうただひこ,伊藤忠彦,自由民主党,当5,愛知8区,
いとうたつや,伊藤達也,自由民主党,当9,東京22区,
いとうのぶひさ,伊東信久,日本維新の会,当3,大阪19区,
いとうよしたか,伊東良孝,自由民主党,当5,北海道7区,
いとうわたる,伊藤渉,公明党,当5,比例単独,['東海ブロック']
いなだともみ,稲田朋美,自由民主党,当6,福井1区,
いなつひさし,稲津久,公明党,当5,北海道10区,
いなとみしゅうじ,稲富修二,立憲民主党,当3,福岡2区,['九州ブロック']
いのとしろう,井野俊郎,自由民主党,当4,群馬2区,
いのうえしんじ,井上信治,自由民主党,当7,東京25区,
いのうえたかひろ,井上貴博,自由民主党,当4,福岡1区,
いのうえひでたか,井上英孝,日本維新の会,当4,大阪1区,
いばやしたつのり,井林辰憲,自由民主党,当4,静岡2区,
いはらたくみ,井原巧,自由民主党,当1,愛媛3区,
いまえだそういちろう,今枝宗一郎,自由民主党,当4,愛知14区,
いまむらまさひろ,今村雅弘,自由民主党,当9,比例単独,['九州ブロック']
いわたかずちか,岩田和親,自由民主党,当4,佐賀1区,['九州ブロック']
いわたにりょうへい,岩谷良平,日本維新の会,当1,大阪13区,
いわやたけし,岩屋毅,自由民主党,当9,大分3区,
うえすぎけんたろう,上杉謙太郎,自由民主党,当2,福島3区,['東北ブロック']
うえだえいしゅん,上田英俊,自由民主党,当1,富山2区,
うえのけんいちろう,上野賢一郎,自由民主党,当5,滋賀2区,
うきしまともこ,浮島智子,公明党,当4,比例単独,['近畿ブロック']
うめたにまもる,梅谷守,立憲民主党,当1,新潟6区,
うらのやすと,浦野靖人,日本維新の会,当4,大阪15区,
うるまじょうじ,漆間譲司,日本維新の会,当1,大阪8区,
えさきてつま,江崎鉄磨,自由民主党,当8,愛知10区,
えだけんじ,江田憲司,立憲民主党,当7,神奈川8区,
えだのゆきお,枝野幸男,立憲民主党,当10,埼玉5区,
えとあきのり,江渡聡徳,自由民主党,当8,青森1区,
えとうせいしろう,衛藤征士郎,自由民主党,当13,大分2区,
えとうたく,江藤拓,自由民主党,当7,宮崎2区,
えんどうたかし,遠藤敬,日本維新の会,当4,大阪18区,
えんどうとしあき,遠藤利明,自由民主党,当9,山形1区,
えんどうりょうた,遠藤良太,日本維新の会,当1,兵庫5区,['近畿ブロック']
おおいしあきこ,大石晃子,れいわ新選組,当1,大阪5区,['近畿ブロック']
おおおかとしたか,大岡敏孝,自由民主党,当4,滋賀1区,
おおかわらまさこ,大河原雅子,立憲民主党,当2,東京21区,['東京ブロック']
おおぐしひろし,大串博志,立憲民主党,当6,佐賀2区,
おおぐしまさき,大串正樹,自由民主党,当4,兵庫6区,['近畿ブロック']
おおぐちよしのり,大口善徳,公明党,当9,比例単独,['東海ブロック']
おおさかせいじ,逢坂誠二,立憲民主党,当5,北海道8区,
おおしまあつし,大島敦,立憲民主党,当8,埼玉6区,
おおつかたく,大塚拓,自由民主党,当5,埼玉9区,
おおつきくれは,大築紅葉,立憲民主党,当1,北海道4区,['北海道ブロック']
おおにしけんすけ,大西健介,立憲民主党,当5,愛知13区,
おおにしひでお,大西英男,自由民主党,当4,東京16区,
おおのけいたろう,大野敬太郎,自由民主党,当4,香川3区,
おかだかつや,岡田克也,立憲民主党,当11,三重3区,
おがたりんたろう,緒方林太郎,無所属,当3,福岡9区,
おかもとあきこ,岡本章子,立憲民主党,当2,宮城1区,['東北ブロック']
おかもとみつなり,岡本三成,公明党,当4,東京12区,
おがわじゅんや,小川淳也,立憲民主党,当6,香川1区,
おくしたたけみつ,奥下剛光,日本維新の会,当1,大阪7区,
おくのしんすけ,奥野信亮,自由民主党,当6,比例単独,['近畿ブロック']
おくのそういちろう,奥野総一郎,立憲民主党,当5,千葉9区,
おぐましんじ,小熊慎司,立憲民主党,当4,福島4区,
おぐらまさのぶ,小倉将信,自由民主党,当4,東京23区,
おざきまさなお,尾崎正直,自由民主党,当1,高知2区,
おざとやすひろ,小里泰弘,自由民主党,当6,鹿児島3区,['九州ブロック']
おざわいちろう,小沢一郎,立憲民主党,当18,岩手3区,['東北ブロック']
おだわらきよし,小田原潔,自由民主党,当4,東京21区,
おちたかお,越智隆雄,自由民主党,当5,東京6区,['東京ブロック']
おちあいたかゆき,落合貴之,立憲民主党,当3,東京6区,
おにきまこと,鬼木誠,自由民主党,当4,福岡2区,
おのたいすけ,小野泰輔,日本維新の会,当1,東京1区,['東京ブロック']
おのでらいつのり,小野寺五典,自由民主党,当8,宮城6区,
おぶちゆうこ,小渕優子,自由民主党,当8,群馬5区,
おみあさこ,尾身朝子,自由民主党,当3,比例単独,['北関東ブロック']
かいえだばんり,海江田万里,立憲民主党,当8,東京1区,['東京ブロック']
かきざわみと,柿沢未途,無所属,当5,東京15区,
かさいあきら,笠井亮,日本共産党,当6,比例単独,['東京ブロック']
かさいこういち,河西宏一,公明党,当1,比例単独,['東京ブロック']
かじやまひろし,梶山弘志,自由民主党,当8,茨城4区,
かつまたたかあき,勝俣孝明,自由民主党,当4,静岡6区,
かつめやすし,勝目康,自由民主党,当1,京都1区,
かとうあゆこ,加藤鮎子,自由民主党,当3,山形3区,
かとうかつのぶ,加藤勝信,自由民主党,当7,岡山5区,
かとうりゅうしょう,加藤竜祥,自由民主党,当1,長崎2区,
かどやまひろあき,門山宏哲,自由民主党,当4,千葉1区,['南関東ブロック']
かねこえみ,金子恵美,立憲民主党,当3,福島1区,
かねこしゅんぺい,金子俊平,自由民主党,当2,岐阜4区,
かねこやすし,金子恭之,自由民主党,当8,熊本4区,
かねだかつとし,金田勝年,自由民主党,当5,秋田2区,['東北ブロック']
かねむらりゅうな,金村龍那,日本維新の会,当1,神奈川10区,['南関東ブロック']
かまたさゆり,鎌田さゆり,立憲民主党,当3,宮城2区,
かみかわようこ,上川陽子,自由民主党,当7,静岡1区,
かみやひろし,神谷裕,立憲民主党,当2,北海道10区,['北海道ブロック']
かめおかよしたみ,亀岡偉民,自由民主党,当5,福島1区,['東北ブロック']
かわさきひでと,川崎秀人,自由民主党,当1,三重2区,
かんなおと,菅直人,立憲民主党,当14,東京18区,
かんけいちろう,菅家一郎,自由民主党,当4,福島4区,['東北ブロック']
かんだけんじ,神田憲次,自由民主党,当4,愛知5区,
かんだじゅんいち,神田潤一,自由民主党,当1,青森2区,
きいたかし,城井崇,立憲民主党,当4,福岡10区,
きうちみのる,城内実,自由民主党,当6,静岡7区,
きかわだひとし,黄川田仁志,自由民主党,当4,埼玉3区,
きくたまきこ,菊田真紀子,立憲民主党,当7,新潟4区,
きしのぶお,岸信夫,自由民主党,当4,山口2区,
きしだふみお,岸田文雄,自由民主党,当10,広島1区,
きしもとしゅうへい,岸本周平,国民民主党,当5,和歌山1区,
きたがみけいろう,北神圭朗,無所属,当4,京都4区,
きたがわかずお,北側一雄,公明党,当10,大阪16区,
きたむらせいご,北村誠吾,自由民主党,当8,長崎4区,
きはらせいじ,木原誠二,自由民主党,当5,東京20区,
きはらみのる,木原稔,自由民主党,当5,熊本1区,
きむらじろう,木村次郎,自由民主党,当2,青森3区,
きらしゅうじ,吉良州司,無所属,当6,大分1区,
きんじょうやすくに,金城泰邦,公明党,当1,比例単独,['九州ブロック']
くさかまさき,日下正喜,公明党,当1,比例単独,['中国ブロック']
くどうしょうぞう,工藤彰三,自由民主党,当4,愛知4区,
くにさだいさと,国定勇人,自由民主党,当1,新潟4区,['北陸信越ブロック']
くにしげとおる,国重徹,公明党,当4,大阪5区,
くにみつあやの,国光文乃,自由民主党,当2,茨城6区,
くまだひろみち,熊田裕通,自由民主党,当4,愛知1区,
げんばこういちろう,玄葉光一郎,立憲民主党,当10,福島3区,
げんまけんたろう,源馬謙太郎,立憲民主党,当2,静岡8区,
こいずみしんじろう,小泉進次郎,自由民主党,当5,神奈川11区,
こいずみりゅうじ,小泉龍司,自由民主党,当7,埼玉11区,
こうづたけし,神津健,立憲民主党,当1,長野3区,['北陸信越ブロック']
こうのたろう,河野太郎,自由民主党,当9,神奈川15区,
こうむらまさひろ,高村正大,自由民主党,当2,山口1区,
こがあつし,古賀篤,自由民主党,当4,福岡3区,
こくたけいじ,穀田恵二,日本共産党,当10,京都1区,['近畿ブロック']
こくばこうのすけ,国場幸之助,自由民主党,当4,沖縄1区,['九州ブロック']
こじまとしふみ,小島敏文,自由民主党,当4,広島6区,['中国ブロック']
こしみずけいいち,輿水恵一,公明党,当3,比例単独,['北関東ブロック']
こてらひろお,小寺裕雄,自由民主党,当2,滋賀4区,
こばやししげき,小林茂樹,自由民主党,当3,奈良1区,['近畿ブロック']
こばやしたかゆき,小林鷹之,自由民主党,当4,千葉2区,
こばやしふみあき,小林史明,自由民主党,当4,広島7区,
こみやまやすこ,小宮山泰子,立憲民主党,当7,埼玉7区,['北関東ブロック']
こもりたくお,小森卓郎,自由民主党,当1,石川1区,
こやまのぶひろ,小山展弘,立憲民主党,当3,静岡3区,
こんどうかずや,近藤和也,立憲民主党,当3,石川3区,['北陸信越ブロック']
こんどうしょういち,近藤昭一,立憲民主党,当9,愛知3区,
ごとうしげゆき,後藤茂之,自由民主党,当7,長野4区,
ごとうゆういち,後藤祐一,立憲民主党,当5,神奈川16区,
ごとうだまさずみ,後藤田正純,自由民主党,当8,徳島1区,['四国ブロック']
さいとうあれっくす,斎藤アレックス,国民民主党,当1,滋賀1区,['近畿ブロック']
さいとうけん,斎藤健,自由民主党,当5,千葉7区,
さいとうてつお,斉藤鉄夫,公明党,当10,広島3区,
さいとうひろあき,斎藤洋明,自由民主党,当4,新潟3区,
さかいまなぶ,坂井学,自由民主党,当5,神奈川5区,
さかもとてつし,坂本哲志,自由民主党,当7,熊本3区,
さかもとゆうのすけ,坂本祐之輔,立憲民主党,当3,埼玉10区,['北関東ブロック']
さくらいしゅう,桜井周,立憲民主党,当2,兵庫6区,['近畿ブロック']
さくらだよしたか,桜田義孝,自由民主党,当8,千葉8区,['南関東ブロック']
ささがわひろよし,笹川博義,自由民主党,当4,群馬3区,
ささきはじめ,佐々木紀,自由民主党,当4,石川2区,
さとうこうじ,佐藤公治,立憲民主党,当4,広島6区,
さとうしげき,佐藤茂樹,公明党,当10,大阪3区,
さとうつとむ,佐藤勉,自由民主党,当9,栃木4区,
さとうひでみち,佐藤英道,公明党,当4,比例単独,['北海道ブロック']
さわだりょう,沢田良,日本維新の会,当1,埼玉15区,['北関東ブロック']
しいかずお,志位和夫,日本共産党,当10,比例単独,['南関東ブロック']
しおかわてつや,塩川鉄也,日本共産党,当8,比例単独,['北関東ブロック']
しおざきあきひさ,塩崎彰久,自由民主党,当1,愛媛1区,
しおのやりゅう,塩谷立,自由民主党,当10,静岡8区,['東海ブロック']
しげとくかずひこ,重徳和彦,立憲民主党,当4,愛知12区,
しなたけし,階猛,立憲民主党,当6,岩手1区,
しのはらごう,篠原豪,立憲民主党,当3,神奈川1区,
しのはらたかし,篠原孝,立憲民主党,当7,長野1区,['北陸信越ブロック']
しばやままさひこ,柴山昌彦,自由民主党,当7,埼玉8区,
しまじりあいこ,島尻安伊子,自由民主党,当1,沖縄3区,
しもじょうみつ,下条みつ,立憲民主党,当5,長野2区,
しもむらはくぶん,下村博文,自由民主党,当9,東京11区,
しょうじけんいち,庄子賢一,公明党,当1,比例単独,['東北ブロック']
しらいしよういち,白石洋一,立憲民主党,当3,愛媛3区,['四国ブロック']
しんたにまさよし,新谷正義,自由民主党,当4,広島4区,
しんどうよしたか,新藤義孝,自由民主党,当8,埼玉2区,
すえつぐせいいち,末次精一,立憲民主党,当1,長崎4区,['九州ブロック']
すえまつよしのり,末松義規,立憲民主党,当7,東京19区,
すがよしひで,菅義偉,自由民主党,当9,神奈川2区,
すぎたみお,杉田水脈,自由民主党,当3,比例単独,['中国ブロック']
すぎもとかずみ,杉本和巳,日本維新の会,当4,愛知10区,['東海ブロック']
すずきあつし,鈴木敦,国民民主党,当1,神奈川10区,['南関東ブロック']
すずきえいけい,鈴木英敬,自由民主党,当1,三重4区,
すずきけいすけ,鈴木馨祐,自由民主党,当5,神奈川7区,
すずきしゅんいち,鈴木俊一,自由民主党,当10,岩手2区,
すずきじゅんじ,鈴木淳司,自由民主党,当6,愛知7区,
すずきたかこ,鈴木貴子,自由民主党,当4,比例単独,['北海道ブロック']
すずきのりかず,鈴木憲和,自由民主党,当4,山形2区,
すずきはやと,鈴木隼人,自由民主党,当3,東京10区,
すずきようすけ,鈴木庸介,立憲民主党,当1,東京10区,['東京ブロック']
すずきよしひろ,鈴木義弘,国民民主党,当3,埼玉14区,['北関東ブロック']
すみよしひろき,住吉寛紀,日本維新の会,当1,兵庫11区,['近畿ブロック']
せきよしひろ,関芳弘,自由民主党,当5,兵庫3区,
そのうらけんたろう,薗浦健太郎,自由民主党,当5,千葉5区,
そらもとせいき,空本誠喜,日本維新の会,当2,広島4区,['中国ブロック']
たいらまさあき,平将明,自由民主党,当6,東京4区,
たかいちさなえ,高市早苗,自由民主党,当9,奈良2区,
たかがいえみこ,高階恵美子,自由民主党,当1,比例単独,['中国ブロック']
たかぎけい,高木啓,自由民主党,当2,比例単独,['東京ブロック']
たかぎつよし,高木毅,自由民主党,当8,福井2区,
たかぎひろひさ,高木宏寿,自由民主党,当3,北海道3区,
たかぎようすけ,高木陽介,公明党,当9,比例単独,['東京ブロック']
たかとりしゅういち,高鳥修一,自由民主党,当5,新潟6区,['北陸信越ブロック']
たかはしちづこ,高橋千鶴子,日本共産党,当7,比例単独,['東北ブロック']
たかはしひであき,高橋英明,日本維新の会,当1,埼玉2区,['北関東ブロック']
たかみやすひろ,高見康裕,自由民主党,当1,島根2区,
たがやりょう,多ケ谷亮,れいわ新選組,当1,千葉11区,['南関東ブロック']
たけいしゅんすけ,武井俊輔,自由民主党,当4,宮崎1区,['九州ブロック']
たけうちゆずる,竹内譲,公明党,当6,比例単独,['近畿ブロック']
たけだりょうた,武田良太,自由民主党,当7,福岡11区,
たけべあらた,武部新,自由民主党,当4,北海道12区,
たけむらのぶひで,武村展英,自由民主党,当4,滋賀3区,
たじまかなめ,田嶋要,立憲民主党,当7,千葉1区,
たちばなけいいちろう,橘慶一郎,自由民主党,当5,富山3区,
たどころよしのり,田所嘉徳,自由民主党,当4,茨城1区,['北関東ブロック']
たなかかずのり,田中和徳,自由民主党,当9,神奈川10区,
たなかけん,田中健,国民民主党,当1,静岡4区,['東海ブロック']
たなかひでゆき,田中英之,自由民主党,当4,京都4区,['近畿ブロック']
たなかりょうせい,田中良生,自由民主党,当5,埼玉15区,
たなはしやすふみ,棚橋泰文,自由民主党,当9,岐阜2区,
たにこういち,谷公一,自由民主党,当7,兵庫5区,
たにがわとむ,谷川とむ,自由民主党,当3,大阪19区,['近畿ブロック']
たにがわやいち,谷川弥一,自由民主党,当7,長崎3区,
たのせたいどう,田野瀬太道,無所属,当4,奈良3区,
たばたひろあき,田畑裕明,自由民主党,当4,富山1区,
たまきゆういちろう,玉木雄一郎,国民民主党,当5,香川2区,
たむらたかあき,田村貴昭,日本共産党,当3,比例単独,['九州ブロック']
たむらのりひさ,田村憲久,自由民主党,当9,三重1区,
つかだいちろう,塚田一郎,自由民主党,当1,新潟1区,['北陸信越ブロック']
つじきよと,辻清人,自由民主党,当4,東京2区,
つしまじゅん,津島淳,自由民主党,当4,比例単独,['東北ブロック']
つちだしん,土田慎,自由民主党,当1,東京13区,
つちやしなこ,土屋品子,自由民主党,当8,埼玉13区,
つつみかなめ,堤かなめ,立憲民主党,当1,福岡5区,
つのだひでお,角田秀穂,公明党,当2,比例単独,['南関東ブロック']
てづかよしお,手塚仁雄,立憲民主党,当5,東京5区,
てらたまなぶ,寺田学,立憲民主党,当6,秋田1区,['東北ブロック']
てらだみのる,寺田稔,自由民主党,当6,広島5区,
とかいきさぶろう,渡海紀三朗,自由民主党,当10,兵庫10区,
とがしひろゆき,冨樫博之,自由民主党,当4,秋田1区,
とくながひさし,徳永久志,立憲民主党,当1,滋賀4区,['近畿ブロック']
どいとおる,土井亨,自由民主党,当5,宮城1区,
ながおかけいこ,永岡桂子,自由民主党,当6,茨城7区,
なかがわたかもと,中川貴元,自由民主党,当1,愛知2区,['東海ブロック']
なかがわひろまさ,中川宏昌,公明党,当1,比例単独,['北陸信越ブロック']
なかがわまさはる,中川正春,立憲民主党,当9,三重2区,['東海ブロック']
なかがわやすひろ,中川康洋,公明党,当2,比例単独,['東海ブロック']
なかがわゆうこ,中川郁子,自由民主党,当3,北海道11区,['北海道ブロック']
ながさかやすまさ,長坂康正,自由民主党,当4,愛知9区,
なかじまかつひと,中島克仁,立憲民主党,当4,山梨1区,['南関東ブロック']
ながしまあきひさ,長島昭久,自由民主党,当7,東京18区,['東京ブロック']
なかそねやすたか,中曽根康隆,自由民主党,当2,群馬1区,
なかたにかずま,中谷一馬,立憲民主党,当2,神奈川7区,['南関東ブロック']
なかたにげん,中谷元,自由民主党,当11,高知1区,
なかたにしんいち,中谷真一,自由民主党,当4,山梨1区,
なかつかひろし,中司宏,日本維新の会,当1,大阪11区,
ながつまあきら,長妻昭,立憲民主党,当8,東京7区,
ながともしんじ,長友慎治,国民民主党,当1,宮崎2区,['九州ブロック']
なかにしけんじ,中西健治,自由民主党,当1,神奈川3区,
なかねかずゆき,中根一幸,自由民主党,当5,埼玉6区,['北関東ブロック']
なかのひでゆき,中野英幸,自由民主党,当1,埼玉7区,
なかのひろまさ,中野洋昌,公明党,当4,兵庫8区,
なかむらきしろう,中村喜四郎,立憲民主党,当15,茨城7区,['北関東ブロック']
なかむらひろゆき,中村裕之,自由民主党,当4,北海道4区,
なかやまのりひろ,中山展宏,自由民主党,当4,神奈川9区,['南関東ブロック']
にかいとしひろ,二階俊博,自由民主党,当13,和歌山3区,
にきひろぶみ,仁木博文,無所属,当2,徳島1区,
にしおかひでこ,西岡秀子,国民民主党,当2,長崎1区,
にしだしょうじ,西田昭二,自由民主党,当2,石川3区,
にしのだいすけ,西野太亮,無所属,当1,熊本2区,
にしむらあきひろ,西村明宏,自由民主党,当6,宮城3区,
にしむらちなみ,西村智奈美,立憲民主党,当6,新潟1区,
にしむらやすとし,西村康稔,自由民主党,当7,兵庫9区,
にしめこうさぶろう,西銘恒三郎,自由民主党,当6,沖縄4区,
にわひでき,丹羽秀樹,自由民主党,当6,愛知6区,
ぬかがふくしろう,額賀福志郎,自由民主党,当13,茨城2区,
ねもとたくみ,根本匠,自由民主党,当9,福島2区,
ねもとゆきのり,根本幸典,自由民主党,当4,愛知15区,
のだせいこ,野田聖子,自由民主党,当10,岐阜1区,
のだよしひこ,野田佳彦,立憲民主党,当9,千葉4区,
のなかあつし,野中厚,自由民主党,当4,埼玉12区,['北関東ブロック']
のまたけし,野間健,立憲民主党,当3,鹿児島3区,
はぎうだこういち,萩生田光一,自由民主党,当6,東京24区,
はしもとがく,橋本岳,自由民主党,当5,岡山4区,
はせがわじゅんじ,長谷川淳二,自由民主党,当1,愛媛4区,
はとやまじろう,鳩山二郎,自由民主党,当3,福岡6区,
はなしやすひろ,葉梨康弘,自由民主党,当6,茨城3区,
はまだやすかず,浜田靖一,自由民主党,当10,千葉12区,
はまちまさかず,浜地雅一,公明党,当4,比例単独,['九州ブロック']
はやさかあつし,早坂敦,日本維新の会,当1,宮城4区,['東北ブロック']
はやしもとお,林幹雄,自由民主党,当10,千葉10区,
はやしよしまさ,林芳正,自由民主党,当1,山口3区,
はらぐちかずひろ,原口一博,立憲民主党,当9,佐賀1区,
ばばのぶゆき,馬場伸幸,日本維新の会,当4,大阪17区,
ばばゆうき,馬場雄基,立憲民主党,当1,福島2区,['東北ブロック']
ばんのゆたか,伴野豊,立憲民主党,当6,愛知8区,['東海ブロック']
ひらいたくや,平井卓也,自由民主党,当8,香川1区,['四国ブロック']
ひらぐちひろし,平口洋,自由民主党,当5,広島2区,
ひらさわかつえい,平沢勝栄,自由民主党,当9,東京17区,
ひらぬましょうじろう,平沼正二郎,無所属,当1,岡山3区,
ひらばやしあきら,平林晃,公明党,当1,比例単独,['中国ブロック']
ふかざわよういち,深沢陽一,自由民主党,当2,静岡4区,
ふくしげたかひろ,福重隆浩,公明党,当1,比例単独,['北関東ブロック']
ふくしまのぶゆき,福島伸享,無所属,当3,茨城1区,
ふくだあきお,福田昭夫,立憲民主党,当6,栃木2区,
ふくだたつお,福田達夫,自由民主党,当4,群馬4区,
ふじいひさゆき,藤井比早之,自由民主党,当4,兵庫4区,
ふじおかたかお,藤岡隆雄,立憲民主党,当1,栃木4区,['北関東ブロック']
ふじたふみたけ,藤田文武,日本維新の会,当2,大阪12区,
ふじまきけんた,藤巻健太,日本維新の会,当1,千葉6区,['南関東ブロック']
ふじまるさとし,藤丸敏,自由民主党,当4,福岡7区,
ふじわらたかし,藤原崇,自由民主党,当4,岩手3区,
ふとりひでし,太栄志,立憲民主党,当1,神奈川13区,
ふなだはじめ,船田元,自由民主党,当13,栃木1区,
ふるかわなおき,古川直季,自由民主党,当1,神奈川6区,
ふるかわもとひさ,古川元久,国民民主党,当9,愛知2区,
ふるかわやすし,古川康,自由民主党,当3,佐賀2区,['九州ブロック']
ふるかわよしひさ,古川禎久,自由民主党,当7,宮崎3区,
ふるやけいじ,古屋圭司,自由民主党,当11,岐阜5区,
ふるやのりこ,古屋範子,公明党,当7,比例単独,['南関東ブロック']
ほさかやすし,穂坂泰,自由民主党,当2,埼玉4区,
ほしのつよし,星野剛士,自由民主党,当4,神奈川12区,['南関東ブロック']
ほそだけんいち,細田健一,自由民主党,当4,新潟2区,
ほそだひろゆき,細田博之,自由民主党,当11,島根1区,
ほそのごうし,細野豪志,無所属,当8,静岡5区,
ほりいけんじ,掘井健智,日本維新の会,当1,兵庫10区,['近畿ブロック']
ほりいまなぶ,堀井学,自由民主党,当4,北海道9区,['北海道ブロック']
ほりうちのりこ,堀内詔子,自由民主党,当4,山梨2区,
ほりばさちこ,堀場幸子,日本維新の会,当1,京都1区,['近畿ブロック']
ほんじょうさとし,本庄知史,立憲民主党,当1,千葉8区,
ほんだたろう,本田太郎,自由民主党,当2,京都5区,
まえかわきよしげ,前川清成,日本維新の会,当1,奈良1区,['近畿ブロック']
まえはらせいじ,前原誠司,国民民主党,当10,京都2区,
まきよしお,牧義夫,立憲民主党,当7,愛知4区,['東海ブロック']
まきしまかれん,牧島かれん,自由民主党,当4,神奈川17区,
まきはらひでき,牧原秀樹,自由民主党,当5,埼玉5区,['北関東ブロック']
まつきけんこう,松木謙公,立憲民主党,当6,北海道2区,
まつしまみどり,松島みどり,自由民主党,当7,東京14区,
まつのひろかず,松野博一,自由民主党,当8,千葉3区,
まつばらじん,松原仁,立憲民主党,当8,東京3区,
まつもとたけあき,松本剛明,自由民主党,当8,兵庫11区,
まつもとひさし,松本尚,自由民主党,当1,千葉13区,
まつもとようへい,松本洋平,自由民主党,当5,東京19区,['東京ブロック']
まぶちすみお,馬淵澄夫,立憲民主党,当7,奈良1区,
みきけえ,三木圭恵,日本維新の会,当2,兵庫7区,['近畿ブロック']
みさきまき,岬麻紀,日本維新の会,当1,愛知5区,['東海ブロック']
みたぞのさとし,三反園訓,無所属,当1,鹿児島2区,
みたにひでひろ,三谷英弘,自由民主党,当3,神奈川8区,['南関東ブロック']
みちしただいき,道下大樹,立憲民主党,当2,北海道1区,
みつばやしひろみ,三ツ林裕巳,自由民主党,当4,埼玉14区,
みどりかわたかし,緑川貴士,立憲民主党,当2,秋田2区,
みのべてるお,美延映夫,日本維新の会,当2,大阪4区,
みのりかわのぶひで,御法川信英,自由民主党,当6,秋田3区,
みやうちひでき,宮内秀樹,自由民主党,当4,福岡4区,
みやざきまさひさ,宮崎政久,自由民主党,当4,沖縄2区,['九州ブロック']
みやざわひろゆき,宮沢博行,自由民主党,当4,静岡3区,['東海ブロック']
みやじたくま,宮路拓馬,自由民主党,当3,鹿児島1区,
みやしたいちろう,宮下一郎,自由民主党,当6,長野5区,
みやもとたけし,宮本岳志,日本共産党,当5,大阪5区,['近畿ブロック']
みやもととおる,宮本徹,日本共産党,当3,東京20区,['東京ブロック']
むたいしゅんすけ,務台俊介,自由民主党,当4,長野2区,['北陸信越ブロック']
むとうようじ,武藤容治,自由民主党,当5,岐阜3区,
むねきよこういち,宗清皇一,自由民主党,当3,大阪13区,['近畿ブロック']
むらいひでき,村井英樹,自由民主党,当4,埼玉1区,
むらかみせいいちろう,村上誠一郎,自由民主党,当12,愛媛2区,
もてぎとしみつ,茂木敏充,自由民主党,当10,栃木5区,
もとむらのぶこ,本村伸子,日本共産党,当3,比例単独,['東海ブロック']
もりえいすけ,森英介,自由民主党,当11,千葉11区,
もりしまただし,守島正,日本維新の会,当1,大阪2区,
もりたとしかず,森田俊和,立憲民主党,当2,埼玉12区,
もりやまひろし,森山裕,自由民主党,当7,鹿児島4区,
もりやまひろゆき,森山浩行,立憲民主党,当3,大阪16区,['近畿ブロック']
もりやままさひと,盛山正仁,自由民主党,当5,兵庫1区,['近畿ブロック']
やぎてつや,八木哲也,自由民主党,当4,愛知11区,
やすおかひろたけ,保岡宏武,自由民主党,当1,比例単独,['九州ブロック']
やたがわはじめ,谷田川元,立憲民主党,当3,千葉10区,['南関東ブロック']
やなかずお,簗和生,自由民主党,当4,栃木3区,
やなぎもとあきら,柳本顕,自由民主党,当1,比例単独,['近畿ブロック']
やまおかたつまる,山岡達丸,立憲民主党,当3,北海道9区,
やまぎしいっせい,山岸一生,立憲民主党,当1,東京9区,
やまぎわだいしろう,山際大志郎,自由民主党,当6,神奈川18区,
やまぐちしゅんいち,山口俊一,自由民主党,当11,徳島2区,
やまぐちすすむ,山口晋,自由民主党,当1,埼玉10区,
やまぐちつよし,山口壮,自由民主党,当7,兵庫12区,
やまさきまさやす,山崎正恭,公明党,当1,比例単独,['四国ブロック']
やまざきまこと,山崎誠,立憲民主党,当3,神奈川5区,['南関東ブロック']
やましたたかし,山下貴司,自由民主党,当4,岡山2区,
やまだかつひこ,山田勝彦,立憲民主党,当1,長崎3区,['九州ブロック']
やまだけんじ,山田賢司,自由民主党,当4,兵庫7区,
やまだみき,山田美樹,自由民主党,当4,東京1区,
やまのいかずのり,山井和則,立憲民主党,当8,京都6区,
やまもとごうせい,山本剛正,日本維新の会,当2,福岡1区,['九州ブロック']
やまもとさこん,山本左近,自由民主党,当1,比例単独,['東海ブロック']
やまもとたろう,山本太郎,れいわ新選組,当1,比例単独,['東京ブロック']
やまもとともひろ,山本朋広,自由民主党,当5,神奈川4区,['南関東ブロック']
やまもとゆうじ,山本有二,自由民主党,当11,比例単独,['四国ブロック']
ゆのきみちよし,柚木道義,立憲民主党,当6,岡山4区,['中国ブロック']
ゆはらしゅんじ,湯原俊二,立憲民主党,当2,鳥取2区,['中国ブロック']
よしいえひろゆき,義家弘介,自由民主党,当4,神奈川16区,['南関東ブロック']
よしかわたける,吉川赳,自由民主党,当3,静岡5区,['東海ブロック']
よしかわはじめ,吉川元,立憲民主党,当4,大分2区,['九州ブロック']
よしだくみこ,吉田久美子,公明党,当1,比例単独,['九州ブロック']
よしだつねひこ,吉田統彦,立憲民主党,当3,愛知1区,['東海ブロック']
よしだともよ,吉田知代,日本維新の会,当1,徳島1区,['四国ブロック']
よしだとよふみ,吉田豊史,日本維新の会,当2,富山1区,['北陸信越ブロック']
よしだのぶひろ,吉田宣弘,公明党,当3,比例単独,['九州ブロック']
よしだはるみ,吉田晴美,立憲民主党,当1,東京8区,
よしのまさよし,吉野正芳,自由民主党,当8,福島5区,
よねやまりゅういち,米山隆一,無所属,当1,新潟5区,
りゅうひろふみ,笠浩史,立憲民主党,当7,神奈川9区,
わかばやしけんた,若林健太,自由民主党,当1,長野1区,
わかみやけんじ,若宮健嗣,自由民主党,当5,東京5区,['東京ブロック']
わしおえいいちろう,鷲尾英一郎,自由民主党,当6,比例単独,['北陸信越ブロック']
わせだゆき,早稲田夕季,立憲民主党,当2,神奈川4区,
わだゆういちろう,和田有一朗,日本維新の会,当1,兵庫3区,['近畿ブロック']
わだよしあき,和田義明,自由民主党,当3,北海道5区,
わたなべこういち,渡辺孝一,自由民主党,当4,比例単独,['北海道ブロック']
わたなべしゅう,渡辺周,立憲民主党,当9,静岡6区,['東海ブロック']
わたなべそう,渡辺創,立憲民主党,当1,宮崎1区,
わたなべひろみち,渡辺博道,自由民主党,当8,千葉6区,
わにぶちようこ,鰐淵洋子,公明党,当2,比例単独,['近畿ブロック']
